,experience,test_score(out of 10),interview_score(out of 10),salary
0,0,8.0,9,52090.467340710304
1,0,8.0,6,45648.019641608844
2,5,6.0,7,57964.22908390309
3,2,10.0,10,64525.10613629777
4,7,9.0,6,68325.21184634534
5,3,7.0,10,60783.44785255154
6,10,7.0,7,74796.88325859746
7,11,7.0,8,79866.6348399857
